{"model_CNN_byMerg.h5": {"BY_MERGE": "NA", "BY_CLASS": 89.3313961985162, "BALANCED": 87.2243085106383, "DIGITS": "NA", "LETTERS": 81.11692567567567, "MNIST": 95.9123}, "Model_Linear_SGD_IS_FIVE.joblib": {"BY_MERGE": "NA", "BY_CLASS": 96.0154053798475, "BALANCED": 96.72340425531915, "DIGITS": 95.4625, "LETTERS": 96.99324324324324, "MNIST": 95.35}}